{
  "type": "minecraft:entity",
  "pools": [
    {
      "rolls": 1,
      "entries": [
        {
          "type": "minecraft:item",
          "functions": [
            {
              "function": "minecraft:set_count",
              "count": {
                "min": 0.0,
                "max": 15.0,
                "type": "minecraft:uniform"
              }
            }
          ],
          "name": "minecraft:snowball"
        }
      ]
    },
    {
      "rolls": 1,
      "entries": [
        {
          "type": "minecraft:item",
          "name": "minecraft:player_head",
          "functions": [
            {
              "function": "set_nbt",
              "tag": "{SkullOwner:{Id:'673db4c6-b7ea-421e-ae35-d7ab65e8b35e',Name:'Snow Golem',Properties:{textures:[{Value:'eyJ0ZXh0dXJlcyI6eyJTS0lOIjp7InVybCI6Imh0dHA6Ly90ZXh0dXJlcy5taW5lY3JhZnQubmV0L3RleHR1cmUvMWZkZmQxZjc1MzhjMDQwMjU4YmU3YTkxNDQ2ZGE4OWVkODQ1Y2M1ZWY3MjhlYjVlNjkwNTQzMzc4ZmNmNCJ9fX0='}]}}}"
            },
            {
              "function": "minecraft:looting_enchant",
              "count": {
                "min": -1.0,
                "max": 1.0
              }
            },
            {
              "function": "set_count",
              "count": {
                "min": 0,
                "max": 1,
                "type": "minecraft:uniform"
              }
            }
          ],
          "conditions": [
            {
              "condition": "killed_by_player"
            },
            {
              "condition": "random_chance_with_looting",
              "chance": 0.13,
              "looting_multiplier": 0.035
            }
          ]
        }
      ]
    }
  ]
}