{
  "type": "minecraft:entity",
  "pools": [
    {
      "rolls": 1,
      "entries": [
        {
          "type": "minecraft:item",
          "functions": [
            {
              "function": "minecraft:set_count",
              "count": {
                "min": 0.0,
                "max": 2.0,
                "type": "minecraft:uniform"
              }
            }
          ],
          "name": "minecraft:string"
        }
      ]
    },
    {
      "rolls": 1,
      "entries": [
        {
          "type": "minecraft:item",
          "name": "minecraft:player_head",
          "functions": [
            {
              "function": "set_nbt",
              "tag": "{SkullOwner:{Name:'Persian Cat',Id:'701fa2a8-ef2b-46cd-b9d3-6cd16be17bb4',Properties:{textures:[{Value:'eyJ0ZXh0dXJlcyI6eyJTS0lOIjp7InVybCI6Imh0dHA6Ly90ZXh0dXJlcy5taW5lY3JhZnQubmV0L3RleHR1cmUvZmY0MGM3NDYyNjBlZjkxYzk2YjI3MTU5Nzk1ZTg3MTkxYWU3Y2UzZDVmNzY3YmY4Yzc0ZmFhZDk2ODlhZjI1ZCJ9fX0='}]}}}"
            },
            {
              "function": "minecraft:looting_enchant",
              "count": {
                "min": -1.0,
                "max": 1.0
              }
            },
            {
              "function": "set_count",
              "count": {
                "min": 0,
                "max": 1,
                "type": "minecraft:uniform"
              }
            }
          ],
          "conditions": [
            {
              "condition": "killed_by_player"
            },
            {
              "condition": "random_chance_with_looting",
              "chance": 0.05,
              "looting_multiplier": 0.025
            }
          ]
        }
      ]
    }
  ]
}