{
  "type": "minecraft:entity",
  "pools": [
    {
      "rolls": 1,
      "entries": [
        {
          "type": "minecraft:item",
          "name": "minecraft:player_head",
          "functions": [
            {
              "function": "set_nbt",
              "tag": "{SkullOwner:{Id:'0a9e8efb-9191-4c81-80f5-e27ca5433156',Name:'Toolsmith Villager',Properties:{textures:[{Value:'eyJ0ZXh0dXJlcyI6eyJTS0lOIjp7InVybCI6Imh0dHA6Ly90ZXh0dXJlcy5taW5lY3JhZnQubmV0L3RleHR1cmUvODIyZDhlNzUxYzhmMmZkNGM4OTQyYzQ0YmRiMmY1Y2E0ZDhhZThlNTc1ZWQzZWIzNGMxOGE4NmU5M2IifX19'}]}}}"
            },
            {
              "function": "minecraft:looting_enchant",
              "count": {
                "min": -1.0,
                "max": 1.0
              }
            },
            {
              "function": "set_count",
              "count": {
                "min": 0,
                "max": 1,
                "type": "minecraft:uniform"
              }
            }
          ],
          "conditions": [
            {
              "condition": "killed_by_player"
            },
            {
              "condition": "random_chance_with_looting",
              "chance": 0.01,
              "looting_multiplier": 0.006
            }
          ]
        }
      ]
    }
  ]
}