{
  "type": "minecraft:entity",
  "pools": [
    {
      "rolls": 1,
      "entries": [
        {
          "type": "minecraft:item",
          "functions": [
            {
              "function": "minecraft:set_count",
              "count": {
                "min": 0.0,
                "max": 2.0,
                "type": "minecraft:uniform"
              }
            },
            {
              "function": "minecraft:looting_enchant",
              "count": {
                "min": 0.0,
                "max": 1.0
              }
            }
          ],
          "name": "minecraft:gunpowder"
        }
      ]
    },
    {
      "rolls": 1.0,
      "entries": [
        {
          "type": "minecraft:tag",
          "name": "minecraft:music_discs",
          "expand": true
        }
      ],
      "conditions": [
        {
          "condition": "minecraft:entity_properties",
          "predicate": {
            "type": "#minecraft:skeletons"
          },
          "entity": "killer"
        }
      ]
    },
    {
      "rolls": 1,
      "entries": [
        {
          "type": "minecraft:item",
          "name": "minecraft:player_head",
          "functions": [
            {
              "function": "set_nbt",
              "tag": "{SkullOwner:{Id:'f9318e11-a0c7-4cfd-85c9-2b2852e1a8b0',Name:'Charged Creeper',Properties:{textures:[{Value:'eyJ0ZXh0dXJlcyI6eyJTS0lOIjp7InVybCI6Imh0dHA6Ly90ZXh0dXJlcy5taW5lY3JhZnQubmV0L3RleHR1cmUvZjJjZWIzOWRkNGRlMjRhN2FkZmUyOTFhM2EwY2ZjN2NmNGY2NDVkZTU5YjYwM2ZjZmUwNmM2YjVhMDZlMjYifX19'}]}}}"
            },
            {
              "function": "minecraft:looting_enchant",
              "count": {
                "min": -1.0,
                "max": 1.0
              }
            },
            {
              "function": "set_count",
              "count": {
                "min": 0,
                "max": 1,
                "type": "minecraft:uniform"
              }
            }
          ],
          "conditions": [
            {
              "condition": "killed_by_player"
            },
            {
              "condition": "random_chance_with_looting",
              "chance": 0.05,
              "looting_multiplier": 0.015
            }
          ]
        }
      ]
    }
  ]
}