{
  "type": "minecraft:entity",
  "pools": [
    {
      "rolls": 1,
      "entries": [
        {
          "type": "minecraft:item",
          "functions": [
            {
              "function": "minecraft:set_count",
              "count": {
                "min": 0.0,
                "max": 2.0,
                "type": "minecraft:uniform"
              }
            },
            {
              "function": "minecraft:looting_enchant",
              "count": {
                "min": 0.0,
                "max": 1.0
              }
            }
          ],
          "name": "minecraft:leather"
        }
      ]
    },
    {
      "rolls": 1,
      "entries": [
        {
          "type": "minecraft:item",
          "name": "minecraft:player_head",
          "functions": [
            {
              "function": "set_nbt",
              "tag": "{SkullOwner:{Id:'1fd5db60-329f-4dcd-9e8d-7d4adc68ff29',Name:'Mule',Properties:{textures:[{Value:'eyJ0ZXh0dXJlcyI6eyJTS0lOIjp7InVybCI6Imh0dHA6Ly90ZXh0dXJlcy5taW5lY3JhZnQubmV0L3RleHR1cmUvYTA0ODZhNzQyZTdkZGEwYmFlNjFjZTJmNTVmYTEzNTI3ZjFjM2IzMzRjNTdjMDM0YmI0Y2YxMzJmYjVmNWYifX19'}]}}}"
            },
            {
              "function": "minecraft:looting_enchant",
              "count": {
                "min": -1.0,
                "max": 1.0
              }
            },
            {
              "function": "set_count",
              "count": {
                "min": 0,
                "max": 1,
                "type": "minecraft:uniform"
              }
            }
          ],
          "conditions": [
            {
              "condition": "killed_by_player"
            },
            {
              "condition": "random_chance_with_looting",
              "chance": 0.05,
              "looting_multiplier": 0.015
            }
          ]
        }
      ]
    }
  ]
}